{
    "loss": 7.79477596282959,
    "accuracy": 0.5467625856399536
}