{
    "loss": 10.846768379211426,
    "accuracy": 0.5179855823516846
}